charge,discharge,soc,revenue
0.0,20.0,30.0,810.5252685546875
0.0,0.0,30.0,0.0
0.0,0.0,30.0,0.0
0.0,0.0,30.0,0.0
0.0,0.0,30.0,0.0
0.0,0.0,30.0,0.0
0.0,0.0,30.0,0.0
0.0,0.0,30.0,0.0
0.0,0.0,30.0,0.0
0.0,0.0,30.0,0.0
0.0,0.0,30.0,0.0
0.0,0.0,30.0,0.0
0.0,0.0,30.0,0.0
0.0,0.0,30.0,0.0
0.0,0.0,30.0,0.0
0.0,20.0,10.0,801.21533203125
0.0,10.0,0.0,417.1746826171875
0.0,0.0,0.0,0.0
0.0,0.0,0.0,0.0
0.0,0.0,0.0,0.0
0.0,0.0,0.0,0.0
0.0,0.0,0.0,0.0
0.0,0.0,0.0,0.0
0.0,0.0,0.0,0.0
0.0,0.0,0.0,0.0
0.0,0.0,0.0,0.0
0.0,0.0,0.0,0.0
0.0,0.0,0.0,0.0
0.0,0.0,0.0,0.0
0.0,0.0,0.0,0.0
0.0,0.0,0.0,0.0
0.0,0.0,0.0,0.0
0.0,0.0,0.0,0.0
0.0,0.0,0.0,0.0
0.0,0.0,0.0,0.0
0.0,0.0,0.0,0.0
0.0,0.0,0.0,0.0
0.0,0.0,0.0,0.0
0.0,0.0,0.0,0.0
0.0,0.0,0.0,0.0
0.0,0.0,0.0,0.0
0.0,0.0,0.0,0.0
0.0,0.0,0.0,0.0
0.0,0.0,0.0,0.0
0.0,0.0,0.0,0.0
0.0,0.0,0.0,0.0
0.0,0.0,0.0,0.0
0.0,0.0,0.0,0.0
0.0,0.0,0.0,0.0
0.0,0.0,0.0,0.0
0.0,0.0,0.0,0.0
0.0,0.0,0.0,0.0
0.0,0.0,0.0,0.0
0.0,0.0,0.0,0.0
0.0,0.0,0.0,0.0
0.0,0.0,0.0,0.0
0.0,0.0,0.0,0.0
0.0,0.0,0.0,0.0
0.0,0.0,0.0,0.0
0.0,0.0,0.0,0.0
0.0,0.0,0.0,0.0
0.0,0.0,0.0,0.0
0.0,0.0,0.0,0.0
0.0,0.0,0.0,0.0
0.0,0.0,0.0,0.0
0.0,0.0,0.0,0.0
0.0,0.0,0.0,0.0
0.0,0.0,0.0,0.0
0.0,0.0,0.0,0.0
0.0,0.0,0.0,0.0
0.0,0.0,0.0,0.0
0.0,0.0,0.0,0.0
0.0,0.0,0.0,0.0
0.0,0.0,0.0,0.0
0.0,0.0,0.0,0.0
0.0,0.0,0.0,0.0
0.0,0.0,0.0,0.0
0.0,0.0,0.0,0.0
0.0,0.0,0.0,0.0
0.0,0.0,0.0,0.0
0.0,0.0,0.0,0.0
0.0,0.0,0.0,0.0
0.0,0.0,0.0,0.0
0.0,0.0,0.0,0.0
0.0,0.0,0.0,0.0
0.0,0.0,0.0,0.0
0.0,0.0,0.0,0.0
0.0,0.0,0.0,0.0
0.0,0.0,0.0,0.0
0.0,0.0,0.0,0.0
0.0,0.0,0.0,0.0
0.0,0.0,0.0,0.0
0.0,0.0,0.0,0.0
0.0,0.0,0.0,0.0
0.0,0.0,0.0,0.0
0.0,0.0,0.0,0.0
0.0,0.0,0.0,0.0
0.0,0.0,0.0,0.0
0.0,0.0,0.0,0.0
0.0,0.0,0.0,0.0
0.0,0.0,0.0,0.0
0.0,0.0,0.0,0.0
0.0,0.0,0.0,0.0
0.0,0.0,0.0,0.0
0.0,0.0,0.0,0.0
0.0,0.0,0.0,0.0
0.0,0.0,0.0,0.0
0.0,0.0,0.0,0.0
0.0,0.0,0.0,0.0
0.0,0.0,0.0,0.0
0.0,0.0,0.0,0.0
0.0,0.0,0.0,0.0
0.0,0.0,0.0,0.0
0.0,0.0,0.0,0.0
0.0,0.0,0.0,0.0
0.0,0.0,0.0,0.0
0.0,0.0,0.0,0.0
0.0,0.0,0.0,0.0
0.0,0.0,0.0,0.0
0.0,0.0,0.0,0.0
0.0,0.0,0.0,0.0
0.0,0.0,0.0,0.0
0.0,0.0,0.0,0.0
0.0,0.0,0.0,0.0
0.0,0.0,0.0,0.0
0.0,0.0,0.0,0.0
0.0,0.0,0.0,0.0
0.0,0.0,0.0,0.0
0.0,0.0,0.0,0.0
0.0,0.0,0.0,0.0
0.0,0.0,0.0,0.0
0.0,0.0,0.0,0.0
0.0,0.0,0.0,0.0
0.0,0.0,0.0,0.0
0.0,0.0,0.0,0.0
0.0,0.0,0.0,0.0
0.0,0.0,0.0,0.0
0.0,0.0,0.0,0.0
0.0,0.0,0.0,0.0
0.0,0.0,0.0,0.0
0.0,0.0,0.0,0.0
0.0,0.0,0.0,0.0
0.0,0.0,0.0,0.0
0.0,0.0,0.0,0.0
0.0,0.0,0.0,0.0
0.0,0.0,0.0,0.0
0.0,0.0,0.0,0.0
0.0,0.0,0.0,0.0
0.0,0.0,0.0,0.0
0.0,0.0,0.0,0.0
0.0,0.0,0.0,0.0
0.0,0.0,0.0,0.0
0.0,0.0,0.0,0.0
0.0,0.0,0.0,0.0
0.0,0.0,0.0,0.0
0.0,0.0,0.0,0.0
0.0,0.0,0.0,0.0
0.0,0.0,0.0,0.0
0.0,0.0,0.0,0.0
0.0,0.0,0.0,0.0
0.0,0.0,0.0,0.0
0.0,0.0,0.0,0.0
0.0,0.0,0.0,0.0
0.0,0.0,0.0,0.0
0.0,0.0,0.0,0.0
0.0,0.0,0.0,0.0
0.0,0.0,0.0,0.0
0.0,0.0,0.0,0.0
0.0,0.0,0.0,0.0
0.0,0.0,0.0,0.0
0.0,0.0,0.0,0.0
0.0,0.0,0.0,0.0
0.0,0.0,0.0,0.0
0.0,0.0,0.0,0.0
0.0,0.0,0.0,0.0
0.0,0.0,0.0,0.0
0.0,0.0,0.0,0.0
0.0,0.0,0.0,0.0
0.0,0.0,0.0,0.0
0.0,0.0,0.0,0.0
0.0,0.0,0.0,0.0
0.0,0.0,0.0,0.0
0.0,0.0,0.0,0.0
0.0,0.0,0.0,0.0
0.0,0.0,0.0,0.0
0.0,0.0,0.0,0.0
0.0,0.0,0.0,0.0
0.0,0.0,0.0,0.0
0.0,0.0,0.0,0.0
0.0,0.0,0.0,0.0
0.0,0.0,0.0,0.0
0.0,0.0,0.0,0.0
0.0,0.0,0.0,0.0
0.0,0.0,0.0,0.0
0.0,0.0,0.0,0.0
0.0,0.0,0.0,0.0
0.0,0.0,0.0,0.0
0.0,0.0,0.0,0.0
0.0,0.0,0.0,0.0
0.0,0.0,0.0,0.0
0.0,0.0,0.0,0.0
0.0,0.0,0.0,0.0
0.0,0.0,0.0,0.0
0.0,0.0,0.0,0.0
0.0,0.0,0.0,0.0
0.0,0.0,0.0,0.0
0.0,0.0,0.0,0.0
0.0,0.0,0.0,0.0
0.0,0.0,0.0,0.0
0.0,0.0,0.0,0.0
0.0,0.0,0.0,0.0
0.0,0.0,0.0,0.0
0.0,0.0,0.0,0.0
0.0,0.0,0.0,0.0
0.0,0.0,0.0,0.0
0.0,0.0,0.0,0.0
0.0,0.0,0.0,0.0
0.0,0.0,0.0,0.0
0.0,0.0,0.0,0.0
0.0,0.0,0.0,0.0
0.0,0.0,0.0,0.0
0.0,0.0,0.0,0.0
20.0,0.0,20.0,-524.9686279296875
20.0,0.0,40.0,-527.5396728515625
0.0,0.0,40.0,0.0
0.0,0.0,40.0,0.0
0.0,0.0,40.0,0.0
0.0,0.0,40.0,0.0
0.0,0.0,40.0,0.0
0.0,0.0,40.0,0.0
0.0,0.0,40.0,0.0
0.0,0.0,40.0,0.0
0.0,0.0,40.0,0.0
0.0,0.0,40.0,0.0
0.0,0.0,40.0,0.0
0.0,0.0,40.0,0.0
0.0,0.0,40.0,0.0
0.0,0.0,40.0,0.0
0.0,0.0,40.0,0.0
0.0,0.0,40.0,0.0
0.0,0.0,40.0,0.0
0.0,0.0,40.0,0.0
0.0,0.0,40.0,0.0
0.0,0.0,40.0,0.0
0.0,0.0,40.0,0.0
0.0,0.0,40.0,0.0
0.0,0.0,40.0,0.0
0.0,0.0,40.0,0.0
0.0,0.0,40.0,0.0
0.0,0.0,40.0,0.0
0.0,0.0,40.0,0.0
0.0,0.0,40.0,0.0
0.0,0.0,40.0,0.0
0.0,0.0,40.0,0.0
0.0,20.0,20.0,820.8924560546875
0.0,20.0,0.0,854.65673828125
0.0,0.0,0.0,0.0
0.0,0.0,0.0,0.0
0.0,0.0,0.0,0.0
0.0,0.0,0.0,0.0
0.0,0.0,0.0,0.0
0.0,0.0,0.0,0.0
0.0,0.0,0.0,0.0
0.0,0.0,0.0,0.0
0.0,0.0,0.0,0.0
0.0,0.0,0.0,0.0
0.0,0.0,0.0,0.0
0.0,0.0,0.0,0.0
0.0,0.0,0.0,0.0
0.0,0.0,0.0,0.0
0.0,0.0,0.0,0.0
0.0,0.0,0.0,0.0
0.0,0.0,0.0,0.0
0.0,0.0,0.0,0.0
0.0,0.0,0.0,0.0
0.0,0.0,0.0,0.0
0.0,0.0,0.0,0.0
0.0,0.0,0.0,0.0
0.0,0.0,0.0,0.0
0.0,0.0,0.0,0.0
0.0,0.0,0.0,0.0
0.0,0.0,0.0,0.0
0.0,0.0,0.0,0.0
0.0,0.0,0.0,0.0
0.0,0.0,0.0,0.0
0.0,0.0,0.0,0.0
0.0,0.0,0.0,0.0
0.0,0.0,0.0,0.0
0.0,0.0,0.0,0.0
0.0,0.0,0.0,0.0
0.0,0.0,0.0,0.0
0.0,0.0,0.0,0.0
0.0,0.0,0.0,0.0
0.0,0.0,0.0,0.0
0.0,0.0,0.0,0.0
0.0,0.0,0.0,0.0
0.0,0.0,0.0,0.0
0.0,0.0,0.0,0.0
0.0,0.0,0.0,0.0
0.0,0.0,0.0,0.0
0.0,0.0,0.0,0.0
0.0,0.0,0.0,0.0
0.0,0.0,0.0,0.0
0.0,0.0,0.0,0.0
0.0,0.0,0.0,0.0
0.0,0.0,0.0,0.0
0.0,0.0,0.0,0.0
0.0,0.0,0.0,0.0
0.0,0.0,0.0,0.0
0.0,0.0,0.0,0.0
0.0,0.0,0.0,0.0
0.0,0.0,0.0,0.0
0.0,0.0,0.0,0.0
0.0,0.0,0.0,0.0
0.0,0.0,0.0,0.0
0.0,0.0,0.0,0.0
0.0,0.0,0.0,0.0
0.0,0.0,0.0,0.0
0.0,0.0,0.0,0.0
0.0,0.0,0.0,0.0
0.0,0.0,0.0,0.0
0.0,0.0,0.0,0.0
0.0,0.0,0.0,0.0
0.0,0.0,0.0,0.0
0.0,0.0,0.0,0.0
0.0,0.0,0.0,0.0
0.0,0.0,0.0,0.0
0.0,0.0,0.0,0.0
0.0,0.0,0.0,0.0
0.0,0.0,0.0,0.0
0.0,0.0,0.0,0.0
0.0,0.0,0.0,0.0
0.0,0.0,0.0,0.0
0.0,0.0,0.0,0.0
0.0,0.0,0.0,0.0
0.0,0.0,0.0,0.0
0.0,0.0,0.0,0.0
0.0,0.0,0.0,0.0
0.0,0.0,0.0,0.0
0.0,0.0,0.0,0.0
0.0,0.0,0.0,0.0
0.0,0.0,0.0,0.0
0.0,0.0,0.0,0.0
20.0,0.0,20.0,-520.4168701171875
0.0,0.0,20.0,0.0
0.0,0.0,20.0,0.0
0.0,0.0,20.0,0.0
0.0,0.0,20.0,0.0
0.0,0.0,20.0,0.0
0.0,0.0,20.0,0.0
0.0,0.0,20.0,0.0
0.0,0.0,20.0,0.0
0.0,0.0,20.0,0.0
0.0,0.0,20.0,0.0
0.0,0.0,20.0,0.0
0.0,0.0,20.0,0.0
0.0,20.0,0.0,831.439208984375
0.0,0.0,0.0,0.0
0.0,0.0,0.0,0.0
0.0,0.0,0.0,0.0
0.0,0.0,0.0,0.0
0.0,0.0,0.0,0.0
0.0,0.0,0.0,0.0
0.0,0.0,0.0,0.0
0.0,0.0,0.0,0.0
20.0,0.0,20.0,-521.1864013671875
20.0,0.0,40.0,-516.002685546875
20.0,0.0,60.0,-494.2725830078125
20.0,0.0,80.0,-524.76806640625
0.0,0.0,80.0,0.0
0.0,0.0,80.0,0.0
0.0,0.0,80.0,0.0
0.0,0.0,80.0,0.0
0.0,0.0,80.0,0.0
0.0,0.0,80.0,0.0
0.0,0.0,80.0,0.0
0.0,0.0,80.0,0.0
0.0,0.0,80.0,0.0
0.0,0.0,80.0,0.0
0.0,20.0,60.0,812.4844970703125
0.0,20.0,40.0,840.4664306640625
0.0,20.0,20.0,837.4058837890625
0.0,0.0,20.0,0.0
0.0,0.0,20.0,0.0
0.0,0.0,20.0,0.0
0.0,0.0,20.0,0.0
0.0,0.0,20.0,0.0
0.0,0.0,20.0,0.0
20.0,0.0,40.0,-522.7257690429688
20.0,0.0,60.0,-508.850341796875
20.0,0.0,80.0,-495.69329833984375
20.0,0.0,100.0,-495.9329833984375
0.0,0.0,100.0,0.0
0.0,0.0,100.0,0.0
0.0,0.0,100.0,0.0
0.0,0.0,100.0,0.0
0.0,0.0,100.0,0.0
0.0,0.0,100.0,0.0
0.0,0.0,100.0,0.0
0.0,0.0,100.0,0.0
0.0,0.0,100.0,0.0
0.0,0.0,100.0,0.0
0.0,0.0,100.0,0.0
0.0,0.0,100.0,0.0
0.0,0.0,100.0,0.0
0.0,0.0,100.0,0.0
0.0,0.0,100.0,0.0
0.0,0.0,100.0,0.0
0.0,0.0,100.0,0.0
0.0,0.0,100.0,0.0
0.0,0.0,100.0,0.0
0.0,0.0,100.0,0.0
0.0,0.0,100.0,0.0
0.0,0.0,100.0,0.0
0.0,0.0,100.0,0.0
0.0,0.0,100.0,0.0
0.0,0.0,100.0,0.0
0.0,0.0,100.0,0.0
0.0,0.0,100.0,0.0
0.0,0.0,100.0,0.0
0.0,0.0,100.0,0.0
0.0,0.0,100.0,0.0
0.0,0.0,100.0,0.0
0.0,20.0,80.0,812.2532958984375
0.0,20.0,60.0,830.170654296875
0.0,20.0,40.0,850.9521484375
0.0,20.0,20.0,864.2655029296875
0.0,20.0,0.0,870.4810791015625
0.0,0.0,0.0,0.0
0.0,0.0,0.0,0.0
0.0,0.0,0.0,0.0
0.0,0.0,0.0,0.0
0.0,0.0,0.0,0.0
0.0,0.0,0.0,0.0
0.0,0.0,0.0,0.0
0.0,0.0,0.0,0.0
0.0,0.0,0.0,0.0
0.0,0.0,0.0,0.0
0.0,0.0,0.0,0.0
0.0,0.0,0.0,0.0
0.0,0.0,0.0,0.0
0.0,0.0,0.0,0.0
0.0,0.0,0.0,0.0
0.0,0.0,0.0,0.0
0.0,0.0,0.0,0.0
0.0,0.0,0.0,0.0
0.0,0.0,0.0,0.0
0.0,0.0,0.0,0.0
0.0,0.0,0.0,0.0
0.0,0.0,0.0,0.0
0.0,0.0,0.0,0.0
0.0,0.0,0.0,0.0
0.0,0.0,0.0,0.0
0.0,0.0,0.0,0.0
0.0,0.0,0.0,0.0
0.0,0.0,0.0,0.0
0.0,0.0,0.0,0.0
0.0,0.0,0.0,0.0
0.0,0.0,0.0,0.0
0.0,0.0,0.0,0.0
0.0,0.0,0.0,0.0
0.0,0.0,0.0,0.0
0.0,0.0,0.0,0.0
0.0,0.0,0.0,0.0
0.0,0.0,0.0,0.0
0.0,0.0,0.0,0.0
0.0,0.0,0.0,0.0
0.0,0.0,0.0,0.0
0.0,0.0,0.0,0.0
0.0,0.0,0.0,0.0
0.0,0.0,0.0,0.0
0.0,0.0,0.0,0.0
0.0,0.0,0.0,0.0
0.0,0.0,0.0,0.0
0.0,0.0,0.0,0.0
0.0,0.0,0.0,0.0
0.0,0.0,0.0,0.0
0.0,0.0,0.0,0.0
0.0,0.0,0.0,0.0
0.0,0.0,0.0,0.0
0.0,0.0,0.0,0.0
0.0,0.0,0.0,0.0
0.0,0.0,0.0,0.0
0.0,0.0,0.0,0.0
0.0,0.0,0.0,0.0
0.0,0.0,0.0,0.0
0.0,0.0,0.0,0.0
0.0,0.0,0.0,0.0
0.0,0.0,0.0,0.0
0.0,0.0,0.0,0.0
0.0,0.0,0.0,0.0
0.0,0.0,0.0,0.0
0.0,0.0,0.0,0.0
0.0,0.0,0.0,0.0
0.0,0.0,0.0,0.0
0.0,0.0,0.0,0.0
0.0,0.0,0.0,0.0
0.0,0.0,0.0,0.0
0.0,0.0,0.0,0.0
0.0,0.0,0.0,0.0
0.0,0.0,0.0,0.0
0.0,0.0,0.0,0.0
0.0,0.0,0.0,0.0
0.0,0.0,0.0,0.0
0.0,0.0,0.0,0.0
0.0,0.0,0.0,0.0
0.0,0.0,0.0,0.0
20.0,0.0,20.0,-524.9620361328125
20.0,0.0,40.0,-503.26788330078125
20.0,0.0,60.0,-492.416748046875
20.0,0.0,80.0,-472.0361328125
20.0,0.0,100.0,-491.6492919921875
0.0,0.0,100.0,0.0
0.0,0.0,100.0,0.0
0.0,0.0,100.0,0.0
0.0,0.0,100.0,0.0
0.0,0.0,100.0,0.0
0.0,0.0,100.0,0.0
0.0,0.0,100.0,0.0
0.0,0.0,100.0,0.0
0.0,0.0,100.0,0.0
0.0,0.0,100.0,0.0
0.0,0.0,100.0,0.0
0.0,0.0,100.0,0.0
0.0,0.0,100.0,0.0
0.0,0.0,100.0,0.0
0.0,0.0,100.0,0.0
0.0,0.0,100.0,0.0
0.0,0.0,100.0,0.0
0.0,0.0,100.0,0.0
0.0,0.0,100.0,0.0
0.0,0.0,100.0,0.0
0.0,0.0,100.0,0.0
0.0,0.0,100.0,0.0
0.0,0.0,100.0,0.0
0.0,0.0,100.0,0.0
0.0,0.0,100.0,0.0
0.0,0.0,100.0,0.0
0.0,0.0,100.0,0.0
0.0,0.0,100.0,0.0
0.0,0.0,100.0,0.0
0.0,0.0,100.0,0.0
0.0,0.0,100.0,0.0
0.0,0.0,100.0,0.0
0.0,0.0,100.0,0.0
0.0,0.0,100.0,0.0
0.0,0.0,100.0,0.0
0.0,0.0,100.0,0.0
0.0,0.0,100.0,0.0
0.0,0.0,100.0,0.0
0.0,0.0,100.0,0.0
0.0,0.0,100.0,0.0
0.0,0.0,100.0,0.0
0.0,0.0,100.0,0.0
0.0,0.0,100.0,0.0
0.0,0.0,100.0,0.0
0.0,0.0,100.0,0.0
0.0,0.0,100.0,0.0
0.0,0.0,100.0,0.0
0.0,0.0,100.0,0.0
0.0,0.0,100.0,0.0
0.0,0.0,100.0,0.0
0.0,0.0,100.0,0.0
0.0,0.0,100.0,0.0
0.0,0.0,100.0,0.0
0.0,0.0,100.0,0.0
0.0,0.0,100.0,0.0
0.0,0.0,100.0,0.0
0.0,0.0,100.0,0.0
0.0,0.0,100.0,0.0
0.0,0.0,100.0,0.0
0.0,0.0,100.0,0.0
0.0,0.0,100.0,0.0
0.0,0.0,100.0,0.0
0.0,0.0,100.0,0.0
0.0,0.0,100.0,0.0
0.0,0.0,100.0,0.0
0.0,0.0,100.0,0.0
0.0,0.0,100.0,0.0
0.0,0.0,100.0,0.0
0.0,0.0,100.0,0.0
0.0,0.0,100.0,0.0
0.0,0.0,100.0,0.0
0.0,0.0,100.0,0.0
0.0,0.0,100.0,0.0
0.0,0.0,100.0,0.0
0.0,0.0,100.0,0.0
0.0,0.0,100.0,0.0
0.0,0.0,100.0,0.0
0.0,0.0,100.0,0.0
0.0,0.0,100.0,0.0
0.0,0.0,100.0,0.0
0.0,0.0,100.0,0.0
0.0,20.0,80.0,820.3824462890625
0.0,20.0,60.0,825.4276123046875
0.0,20.0,40.0,817.8541259765625
0.0,20.0,20.0,809.60888671875
0.0,0.0,20.0,0.0
0.0,0.0,20.0,0.0
0.0,0.0,20.0,0.0
0.0,0.0,20.0,0.0
0.0,0.0,20.0,0.0
0.0,0.0,20.0,0.0
0.0,0.0,20.0,0.0
0.0,0.0,20.0,0.0
0.0,0.0,20.0,0.0
0.0,0.0,20.0,0.0
0.0,0.0,20.0,0.0
0.0,0.0,20.0,0.0
0.0,0.0,20.0,0.0
0.0,0.0,20.0,0.0
0.0,0.0,20.0,0.0
0.0,0.0,20.0,0.0
0.0,0.0,20.0,0.0
0.0,0.0,20.0,0.0
0.0,0.0,20.0,0.0
0.0,20.0,0.0,801.5352783203125
0.0,0.0,0.0,0.0
0.0,0.0,0.0,0.0
0.0,0.0,0.0,0.0
0.0,0.0,0.0,0.0
0.0,0.0,0.0,0.0
0.0,0.0,0.0,0.0
0.0,0.0,0.0,0.0
0.0,0.0,0.0,0.0
0.0,0.0,0.0,0.0
0.0,0.0,0.0,0.0
0.0,0.0,0.0,0.0
0.0,0.0,0.0,0.0
0.0,0.0,0.0,0.0
0.0,0.0,0.0,0.0
0.0,0.0,0.0,0.0
0.0,0.0,0.0,0.0
0.0,0.0,0.0,0.0
0.0,0.0,0.0,0.0
0.0,0.0,0.0,0.0
0.0,0.0,0.0,0.0
0.0,0.0,0.0,0.0
0.0,0.0,0.0,0.0
0.0,0.0,0.0,0.0
0.0,0.0,0.0,0.0
0.0,0.0,0.0,0.0
0.0,0.0,0.0,0.0
0.0,0.0,0.0,0.0
0.0,0.0,0.0,0.0
0.0,0.0,0.0,0.0
0.0,0.0,0.0,0.0
0.0,0.0,0.0,0.0
0.0,0.0,0.0,0.0
0.0,0.0,0.0,0.0
0.0,0.0,0.0,0.0
0.0,0.0,0.0,0.0
0.0,0.0,0.0,0.0
0.0,0.0,0.0,0.0
20.0,0.0,20.0,-522.9539184570312
20.0,0.0,40.0,-517.5238647460938
0.0,0.0,40.0,0.0
0.0,0.0,40.0,0.0
0.0,0.0,40.0,0.0
0.0,0.0,40.0,0.0
0.0,0.0,40.0,0.0
0.0,0.0,40.0,0.0
0.0,0.0,40.0,0.0
0.0,0.0,40.0,0.0
0.0,0.0,40.0,0.0
0.0,0.0,40.0,0.0
0.0,0.0,40.0,0.0
0.0,0.0,40.0,0.0
0.0,0.0,40.0,0.0
0.0,0.0,40.0,0.0
0.0,0.0,40.0,0.0
0.0,0.0,40.0,0.0
0.0,0.0,40.0,0.0
0.0,0.0,40.0,0.0
0.0,0.0,40.0,0.0
20.0,0.0,60.0,-491.3577880859375
20.0,0.0,80.0,-476.6910400390625
20.0,0.0,100.0,-465.70257568359375
0.0,0.0,100.0,0.0
0.0,0.0,100.0,0.0
0.0,0.0,100.0,0.0
0.0,0.0,100.0,0.0
0.0,0.0,100.0,0.0
0.0,0.0,100.0,0.0
0.0,0.0,100.0,0.0
0.0,0.0,100.0,0.0
0.0,0.0,100.0,0.0
0.0,0.0,100.0,0.0
0.0,0.0,100.0,0.0
0.0,0.0,100.0,0.0
0.0,0.0,100.0,0.0
0.0,0.0,100.0,0.0
0.0,0.0,100.0,0.0
0.0,0.0,100.0,0.0
0.0,0.0,100.0,0.0
0.0,0.0,100.0,0.0
0.0,0.0,100.0,0.0
0.0,0.0,100.0,0.0
0.0,0.0,100.0,0.0
0.0,0.0,100.0,0.0
0.0,0.0,100.0,0.0
0.0,0.0,100.0,0.0
0.0,0.0,100.0,0.0
0.0,0.0,100.0,0.0
0.0,0.0,100.0,0.0
0.0,0.0,100.0,0.0
0.0,0.0,100.0,0.0
0.0,0.0,100.0,0.0
0.0,0.0,100.0,0.0
0.0,0.0,100.0,0.0
0.0,0.0,100.0,0.0
0.0,0.0,100.0,0.0
0.0,0.0,100.0,0.0
0.0,0.0,100.0,0.0
0.0,0.0,100.0,0.0
0.0,0.0,100.0,0.0
0.0,0.0,100.0,0.0
0.0,0.0,100.0,0.0
0.0,0.0,100.0,0.0
0.0,0.0,100.0,0.0
0.0,0.0,100.0,0.0
0.0,0.0,100.0,0.0
0.0,0.0,100.0,0.0
0.0,0.0,100.0,0.0
0.0,0.0,100.0,0.0
0.0,0.0,100.0,0.0
0.0,0.0,100.0,0.0
0.0,0.0,100.0,0.0
0.0,0.0,100.0,0.0
0.0,0.0,100.0,0.0
0.0,0.0,100.0,0.0
0.0,0.0,100.0,0.0
0.0,0.0,100.0,0.0
0.0,0.0,100.0,0.0
0.0,0.0,100.0,0.0
0.0,0.0,100.0,0.0
0.0,0.0,100.0,0.0
0.0,0.0,100.0,0.0
0.0,0.0,100.0,0.0
0.0,0.0,100.0,0.0
0.0,0.0,100.0,0.0
0.0,0.0,100.0,0.0
0.0,0.0,100.0,0.0
0.0,0.0,100.0,0.0
0.0,0.0,100.0,0.0
0.0,0.0,100.0,0.0
0.0,0.0,100.0,0.0
0.0,0.0,100.0,0.0
0.0,0.0,100.0,0.0
0.0,0.0,100.0,0.0
0.0,0.0,100.0,0.0
0.0,0.0,100.0,0.0
0.0,0.0,100.0,0.0
0.0,0.0,100.0,0.0
0.0,0.0,100.0,0.0
0.0,0.0,100.0,0.0
0.0,0.0,100.0,0.0
0.0,0.0,100.0,0.0
0.0,0.0,100.0,0.0
0.0,0.0,100.0,0.0
0.0,0.0,100.0,0.0
0.0,0.0,100.0,0.0
0.0,0.0,100.0,0.0
0.0,0.0,100.0,0.0
0.0,0.0,100.0,0.0
0.0,0.0,100.0,0.0
0.0,0.0,100.0,0.0
0.0,0.0,100.0,0.0
0.0,0.0,100.0,0.0
0.0,0.0,100.0,0.0
0.0,0.0,100.0,0.0
0.0,0.0,100.0,0.0
0.0,0.0,100.0,0.0
0.0,0.0,100.0,0.0
0.0,0.0,100.0,0.0
0.0,0.0,100.0,0.0
0.0,0.0,100.0,0.0
0.0,0.0,100.0,0.0
0.0,0.0,100.0,0.0
0.0,0.0,100.0,0.0
0.0,0.0,100.0,0.0
0.0,0.0,100.0,0.0
0.0,0.0,100.0,0.0
0.0,0.0,100.0,0.0
0.0,0.0,100.0,0.0
0.0,0.0,100.0,0.0
0.0,20.0,80.0,816.365478515625
0.0,20.0,60.0,847.03955078125
0.0,20.0,40.0,849.864013671875
0.0,20.0,20.0,857.0355224609375
0.0,20.0,0.0,823.7938232421875
0.0,0.0,0.0,0.0
0.0,0.0,0.0,0.0
0.0,0.0,0.0,0.0
0.0,0.0,0.0,0.0
0.0,0.0,0.0,0.0
0.0,0.0,0.0,0.0
0.0,0.0,0.0,0.0
0.0,0.0,0.0,0.0
0.0,0.0,0.0,0.0
0.0,0.0,0.0,0.0
0.0,0.0,0.0,0.0
0.0,0.0,0.0,0.0
0.0,0.0,0.0,0.0
0.0,0.0,0.0,0.0
0.0,0.0,0.0,0.0
0.0,0.0,0.0,0.0
0.0,0.0,0.0,0.0
0.0,0.0,0.0,0.0
0.0,0.0,0.0,0.0
0.0,0.0,0.0,0.0
0.0,0.0,0.0,0.0
0.0,0.0,0.0,0.0
0.0,0.0,0.0,0.0
0.0,0.0,0.0,0.0
0.0,0.0,0.0,0.0
0.0,0.0,0.0,0.0
0.0,0.0,0.0,0.0
0.0,0.0,0.0,0.0
0.0,0.0,0.0,0.0
0.0,0.0,0.0,0.0
20.0,0.0,20.0,-510.7703857421875
20.0,0.0,40.0,-513.2941284179688
20.0,0.0,60.0,-506.65557861328125
0.0,0.0,60.0,0.0
0.0,0.0,60.0,0.0
0.0,0.0,60.0,0.0
0.0,0.0,60.0,0.0
0.0,0.0,60.0,0.0
0.0,0.0,60.0,0.0
0.0,0.0,60.0,0.0
0.0,0.0,60.0,0.0
0.0,0.0,60.0,0.0
0.0,0.0,60.0,0.0
0.0,0.0,60.0,0.0
0.0,0.0,60.0,0.0
0.0,0.0,60.0,0.0
0.0,0.0,60.0,0.0
0.0,0.0,60.0,0.0
0.0,0.0,60.0,0.0
0.0,0.0,60.0,0.0
0.0,0.0,60.0,0.0
0.0,0.0,60.0,0.0
20.0,0.0,80.0,-496.668212890625
20.0,0.0,100.0,-475.64202880859375
0.0,0.0,100.0,0.0
0.0,0.0,100.0,0.0
0.0,0.0,100.0,0.0
0.0,0.0,100.0,0.0
0.0,0.0,100.0,0.0
0.0,0.0,100.0,0.0
0.0,0.0,100.0,0.0
0.0,0.0,100.0,0.0
0.0,0.0,100.0,0.0
0.0,0.0,100.0,0.0
0.0,0.0,100.0,0.0
0.0,0.0,100.0,0.0
0.0,0.0,100.0,0.0
0.0,0.0,100.0,0.0
0.0,0.0,100.0,0.0
0.0,0.0,100.0,0.0
0.0,0.0,100.0,0.0
0.0,0.0,100.0,0.0
0.0,0.0,100.0,0.0
0.0,0.0,100.0,0.0
0.0,0.0,100.0,0.0
0.0,0.0,100.0,0.0
0.0,0.0,100.0,0.0
0.0,0.0,100.0,0.0
0.0,0.0,100.0,0.0
0.0,0.0,100.0,0.0
0.0,0.0,100.0,0.0
0.0,0.0,100.0,0.0
0.0,0.0,100.0,0.0
0.0,0.0,100.0,0.0
0.0,0.0,100.0,0.0
0.0,0.0,100.0,0.0
0.0,0.0,100.0,0.0
0.0,0.0,100.0,0.0
0.0,0.0,100.0,0.0
0.0,0.0,100.0,0.0
0.0,0.0,100.0,0.0
0.0,0.0,100.0,0.0
0.0,0.0,100.0,0.0
0.0,0.0,100.0,0.0
0.0,0.0,100.0,0.0
0.0,0.0,100.0,0.0
0.0,0.0,100.0,0.0
0.0,0.0,100.0,0.0
0.0,0.0,100.0,0.0
0.0,0.0,100.0,0.0
0.0,0.0,100.0,0.0
0.0,0.0,100.0,0.0
0.0,0.0,100.0,0.0
0.0,0.0,100.0,0.0
0.0,0.0,100.0,0.0
0.0,0.0,100.0,0.0
0.0,0.0,100.0,0.0
0.0,0.0,100.0,0.0
0.0,0.0,100.0,0.0
0.0,0.0,100.0,0.0
0.0,0.0,100.0,0.0
0.0,0.0,100.0,0.0
0.0,0.0,100.0,0.0
0.0,0.0,100.0,0.0
0.0,0.0,100.0,0.0
0.0,0.0,100.0,0.0
0.0,0.0,100.0,0.0
0.0,0.0,100.0,0.0
0.0,0.0,100.0,0.0
0.0,0.0,100.0,0.0
0.0,0.0,100.0,0.0
0.0,0.0,100.0,0.0
0.0,0.0,100.0,0.0
0.0,0.0,100.0,0.0
0.0,0.0,100.0,0.0
0.0,0.0,100.0,0.0
0.0,0.0,100.0,0.0
0.0,0.0,100.0,0.0
0.0,0.0,100.0,0.0
0.0,0.0,100.0,0.0
0.0,0.0,100.0,0.0
0.0,0.0,100.0,0.0
0.0,0.0,100.0,0.0
0.0,0.0,100.0,0.0
0.0,0.0,100.0,0.0
0.0,0.0,100.0,0.0
0.0,0.0,100.0,0.0
0.0,0.0,100.0,0.0
0.0,0.0,100.0,0.0
0.0,0.0,100.0,0.0
0.0,0.0,100.0,0.0
0.0,0.0,100.0,0.0
0.0,0.0,100.0,0.0
0.0,0.0,100.0,0.0
0.0,0.0,100.0,0.0
0.0,0.0,100.0,0.0
0.0,0.0,100.0,0.0
0.0,0.0,100.0,0.0
0.0,0.0,100.0,0.0
0.0,0.0,100.0,0.0
0.0,0.0,100.0,0.0
0.0,0.0,100.0,0.0
0.0,0.0,100.0,0.0
0.0,0.0,100.0,0.0
0.0,0.0,100.0,0.0
0.0,0.0,100.0,0.0
0.0,0.0,100.0,0.0
0.0,0.0,100.0,0.0
0.0,0.0,100.0,0.0
0.0,0.0,100.0,0.0
0.0,0.0,100.0,0.0
0.0,0.0,100.0,0.0
0.0,0.0,100.0,0.0
0.0,0.0,100.0,0.0
0.0,20.0,80.0,817.5440673828125
0.0,20.0,60.0,838.8726806640625
0.0,20.0,40.0,836.66845703125
0.0,20.0,20.0,811.5723876953125
0.0,0.0,20.0,0.0
0.0,0.0,20.0,0.0
0.0,0.0,20.0,0.0
0.0,0.0,20.0,0.0
0.0,0.0,20.0,0.0
0.0,0.0,20.0,0.0
0.0,0.0,20.0,0.0
0.0,0.0,20.0,0.0
0.0,0.0,20.0,0.0
0.0,0.0,20.0,0.0
0.0,0.0,20.0,0.0
0.0,0.0,20.0,0.0
0.0,0.0,20.0,0.0
0.0,0.0,20.0,0.0
0.0,0.0,20.0,0.0
0.0,0.0,20.0,0.0
0.0,0.0,20.0,0.0
0.0,0.0,20.0,0.0
0.0,0.0,20.0,0.0
0.0,0.0,20.0,0.0
0.0,0.0,20.0,0.0
0.0,0.0,20.0,0.0
0.0,0.0,20.0,0.0
0.0,0.0,20.0,0.0
0.0,0.0,20.0,0.0
0.0,0.0,20.0,0.0
0.0,0.0,20.0,0.0
0.0,0.0,20.0,0.0
0.0,0.0,20.0,0.0
20.0,0.0,40.0,-504.5888671875
20.0,0.0,60.0,-494.6058349609375
20.0,0.0,80.0,-484.499755859375
20.0,0.0,100.0,-485.64410400390625
0.0,0.0,100.0,0.0
0.0,0.0,100.0,0.0
0.0,0.0,100.0,0.0
0.0,0.0,100.0,0.0
0.0,0.0,100.0,0.0
0.0,0.0,100.0,0.0
0.0,0.0,100.0,0.0
0.0,0.0,100.0,0.0
0.0,0.0,100.0,0.0
0.0,0.0,100.0,0.0
0.0,0.0,100.0,0.0
0.0,0.0,100.0,0.0
0.0,0.0,100.0,0.0
0.0,0.0,100.0,0.0
0.0,0.0,100.0,0.0
0.0,0.0,100.0,0.0
0.0,0.0,100.0,0.0
0.0,0.0,100.0,0.0
0.0,0.0,100.0,0.0
0.0,0.0,100.0,0.0
0.0,0.0,100.0,0.0
0.0,0.0,100.0,0.0
0.0,0.0,100.0,0.0
0.0,0.0,100.0,0.0
0.0,0.0,100.0,0.0
0.0,0.0,100.0,0.0
0.0,0.0,100.0,0.0
0.0,0.0,100.0,0.0
0.0,0.0,100.0,0.0
0.0,0.0,100.0,0.0
0.0,0.0,100.0,0.0
0.0,0.0,100.0,0.0
0.0,0.0,100.0,0.0
0.0,0.0,100.0,0.0
0.0,0.0,100.0,0.0
0.0,0.0,100.0,0.0
0.0,0.0,100.0,0.0
0.0,0.0,100.0,0.0
0.0,0.0,100.0,0.0
0.0,0.0,100.0,0.0
0.0,0.0,100.0,0.0
0.0,0.0,100.0,0.0
0.0,0.0,100.0,0.0
0.0,0.0,100.0,0.0
0.0,0.0,100.0,0.0
0.0,0.0,100.0,0.0
0.0,0.0,100.0,0.0
0.0,0.0,100.0,0.0
0.0,0.0,100.0,0.0
0.0,0.0,100.0,0.0
0.0,0.0,100.0,0.0
0.0,0.0,100.0,0.0
0.0,0.0,100.0,0.0
0.0,0.0,100.0,0.0
0.0,0.0,100.0,0.0
0.0,0.0,100.0,0.0
0.0,0.0,100.0,0.0
0.0,0.0,100.0,0.0
0.0,0.0,100.0,0.0
0.0,0.0,100.0,0.0
0.0,0.0,100.0,0.0
0.0,0.0,100.0,0.0
0.0,0.0,100.0,0.0
0.0,0.0,100.0,0.0
0.0,0.0,100.0,0.0
0.0,0.0,100.0,0.0
0.0,0.0,100.0,0.0
0.0,0.0,100.0,0.0
0.0,0.0,100.0,0.0
0.0,0.0,100.0,0.0
0.0,0.0,100.0,0.0
0.0,0.0,100.0,0.0
0.0,0.0,100.0,0.0
0.0,0.0,100.0,0.0
0.0,0.0,100.0,0.0
0.0,0.0,100.0,0.0
0.0,0.0,100.0,0.0
0.0,0.0,100.0,0.0
0.0,0.0,100.0,0.0
0.0,0.0,100.0,0.0
0.0,0.0,100.0,0.0
0.0,0.0,100.0,0.0
0.0,0.0,100.0,0.0
0.0,0.0,100.0,0.0
0.0,0.0,100.0,0.0
0.0,0.0,100.0,0.0
0.0,0.0,100.0,0.0
0.0,0.0,100.0,0.0
0.0,0.0,100.0,0.0
0.0,0.0,100.0,0.0
0.0,0.0,100.0,0.0
0.0,0.0,100.0,0.0
0.0,0.0,100.0,0.0
0.0,0.0,100.0,0.0
0.0,0.0,100.0,0.0
0.0,0.0,100.0,0.0
0.0,0.0,100.0,0.0
0.0,0.0,100.0,0.0
0.0,0.0,100.0,0.0
0.0,0.0,100.0,0.0
0.0,0.0,100.0,0.0
0.0,0.0,100.0,0.0
0.0,0.0,100.0,0.0
0.0,0.0,100.0,0.0
0.0,0.0,100.0,0.0
0.0,0.0,100.0,0.0
0.0,0.0,100.0,0.0
0.0,0.0,100.0,0.0
0.0,0.0,100.0,0.0
0.0,0.0,100.0,0.0
0.0,0.0,100.0,0.0
0.0,0.0,100.0,0.0
0.0,0.0,100.0,0.0
0.0,0.0,100.0,0.0
0.0,0.0,100.0,0.0
0.0,0.0,100.0,0.0
0.0,0.0,100.0,0.0
0.0,0.0,100.0,0.0
0.0,0.0,100.0,0.0
0.0,0.0,100.0,0.0
0.0,0.0,100.0,0.0
0.0,0.0,100.0,0.0
0.0,0.0,100.0,0.0
0.0,0.0,100.0,0.0
0.0,0.0,100.0,0.0
0.0,0.0,100.0,0.0
0.0,0.0,100.0,0.0
0.0,0.0,100.0,0.0
0.0,0.0,100.0,0.0
0.0,0.0,100.0,0.0
0.0,0.0,100.0,0.0
0.0,0.0,100.0,0.0
0.0,20.0,80.0,804.4349365234375
0.0,20.0,60.0,813.2027587890625
0.0,0.0,60.0,0.0
0.0,0.0,60.0,0.0
0.0,0.0,60.0,0.0
0.0,0.0,60.0,0.0
0.0,0.0,60.0,0.0
0.0,0.0,60.0,0.0
0.0,0.0,60.0,0.0
0.0,0.0,60.0,0.0
20.0,0.0,80.0,-526.9468383789062
20.0,0.0,100.0,-525.117431640625
0.0,0.0,100.0,0.0
0.0,0.0,100.0,0.0
0.0,0.0,100.0,0.0
0.0,0.0,100.0,0.0
0.0,0.0,100.0,0.0
0.0,0.0,100.0,0.0
0.0,0.0,100.0,0.0
0.0,0.0,100.0,0.0
0.0,0.0,100.0,0.0
0.0,0.0,100.0,0.0
0.0,0.0,100.0,0.0
0.0,0.0,100.0,0.0
0.0,0.0,100.0,0.0
0.0,0.0,100.0,0.0
0.0,0.0,100.0,0.0
0.0,0.0,100.0,0.0
0.0,0.0,100.0,0.0
0.0,0.0,100.0,0.0
0.0,0.0,100.0,0.0
0.0,0.0,100.0,0.0
0.0,0.0,100.0,0.0
0.0,0.0,100.0,0.0
0.0,0.0,100.0,0.0
0.0,0.0,100.0,0.0
0.0,0.0,100.0,0.0
0.0,0.0,100.0,0.0
0.0,0.0,100.0,0.0
0.0,0.0,100.0,0.0
0.0,0.0,100.0,0.0
0.0,0.0,100.0,0.0
0.0,0.0,100.0,0.0
0.0,0.0,100.0,0.0
0.0,0.0,100.0,0.0
0.0,0.0,100.0,0.0
0.0,0.0,100.0,0.0
0.0,0.0,100.0,0.0
0.0,0.0,100.0,0.0
0.0,0.0,100.0,0.0
0.0,0.0,100.0,0.0
0.0,0.0,100.0,0.0
0.0,0.0,100.0,0.0
0.0,0.0,100.0,0.0
0.0,0.0,100.0,0.0
0.0,0.0,100.0,0.0
0.0,0.0,100.0,0.0
0.0,0.0,100.0,0.0
0.0,0.0,100.0,0.0
0.0,0.0,100.0,0.0
0.0,0.0,100.0,0.0
0.0,0.0,100.0,0.0
0.0,0.0,100.0,0.0
0.0,0.0,100.0,0.0
0.0,0.0,100.0,0.0
0.0,0.0,100.0,0.0
0.0,0.0,100.0,0.0
0.0,0.0,100.0,0.0
0.0,0.0,100.0,0.0
0.0,0.0,100.0,0.0
0.0,0.0,100.0,0.0
0.0,0.0,100.0,0.0
0.0,0.0,100.0,0.0
0.0,0.0,100.0,0.0
0.0,0.0,100.0,0.0
0.0,0.0,100.0,0.0
0.0,0.0,100.0,0.0
0.0,0.0,100.0,0.0
0.0,0.0,100.0,0.0
0.0,0.0,100.0,0.0
0.0,0.0,100.0,0.0
0.0,0.0,100.0,0.0
0.0,0.0,100.0,0.0
0.0,0.0,100.0,0.0
0.0,0.0,100.0,0.0
0.0,0.0,100.0,0.0
0.0,0.0,100.0,0.0
0.0,0.0,100.0,0.0
0.0,0.0,100.0,0.0
0.0,0.0,100.0,0.0
0.0,0.0,100.0,0.0
0.0,0.0,100.0,0.0
0.0,0.0,100.0,0.0
0.0,0.0,100.0,0.0
0.0,0.0,100.0,0.0
0.0,0.0,100.0,0.0
0.0,0.0,100.0,0.0
0.0,0.0,100.0,0.0
0.0,0.0,100.0,0.0
0.0,0.0,100.0,0.0
0.0,0.0,100.0,0.0
0.0,0.0,100.0,0.0
0.0,0.0,100.0,0.0
0.0,0.0,100.0,0.0
0.0,0.0,100.0,0.0
0.0,0.0,100.0,0.0
0.0,0.0,100.0,0.0
0.0,0.0,100.0,0.0
0.0,0.0,100.0,0.0
0.0,0.0,100.0,0.0
0.0,0.0,100.0,0.0
0.0,0.0,100.0,0.0
0.0,0.0,100.0,0.0
0.0,0.0,100.0,0.0
0.0,0.0,100.0,0.0
0.0,0.0,100.0,0.0
0.0,0.0,100.0,0.0
0.0,0.0,100.0,0.0
0.0,0.0,100.0,0.0
0.0,0.0,100.0,0.0
0.0,0.0,100.0,0.0
0.0,0.0,100.0,0.0
0.0,0.0,100.0,0.0
0.0,0.0,100.0,0.0
0.0,0.0,100.0,0.0
0.0,0.0,100.0,0.0
0.0,0.0,100.0,0.0
0.0,0.0,100.0,0.0
0.0,0.0,100.0,0.0
0.0,0.0,100.0,0.0
0.0,0.0,100.0,0.0
0.0,0.0,100.0,0.0
0.0,0.0,100.0,0.0
0.0,0.0,100.0,0.0
0.0,0.0,100.0,0.0
0.0,0.0,100.0,0.0
0.0,0.0,100.0,0.0
0.0,0.0,100.0,0.0
0.0,0.0,100.0,0.0
0.0,0.0,100.0,0.0
0.0,0.0,100.0,0.0
0.0,0.0,100.0,0.0
0.0,0.0,100.0,0.0
0.0,0.0,100.0,0.0
0.0,0.0,100.0,0.0
0.0,0.0,100.0,0.0
0.0,0.0,100.0,0.0
0.0,0.0,100.0,0.0
0.0,0.0,100.0,0.0
0.0,0.0,100.0,0.0
0.0,0.0,100.0,0.0
0.0,0.0,100.0,0.0
0.0,0.0,100.0,0.0
0.0,0.0,100.0,0.0
0.0,0.0,100.0,0.0
0.0,0.0,100.0,0.0
0.0,0.0,100.0,0.0
0.0,0.0,100.0,0.0
0.0,0.0,100.0,0.0
0.0,0.0,100.0,0.0
0.0,0.0,100.0,0.0
0.0,0.0,100.0,0.0
0.0,0.0,100.0,0.0
0.0,0.0,100.0,0.0
0.0,0.0,100.0,0.0
0.0,0.0,100.0,0.0
0.0,0.0,100.0,0.0
0.0,0.0,100.0,0.0
0.0,0.0,100.0,0.0
0.0,0.0,100.0,0.0
0.0,0.0,100.0,0.0
0.0,0.0,100.0,0.0
0.0,0.0,100.0,0.0
0.0,0.0,100.0,0.0
0.0,0.0,100.0,0.0
0.0,0.0,100.0,0.0
0.0,0.0,100.0,0.0
0.0,0.0,100.0,0.0
0.0,0.0,100.0,0.0
0.0,0.0,100.0,0.0
0.0,0.0,100.0,0.0
0.0,0.0,100.0,0.0
0.0,0.0,100.0,0.0
0.0,0.0,100.0,0.0
0.0,0.0,100.0,0.0
0.0,0.0,100.0,0.0
0.0,0.0,100.0,0.0
0.0,0.0,100.0,0.0
0.0,0.0,100.0,0.0
0.0,0.0,100.0,0.0
0.0,0.0,100.0,0.0
0.0,0.0,100.0,0.0
0.0,0.0,100.0,0.0
0.0,0.0,100.0,0.0
0.0,0.0,100.0,0.0
0.0,0.0,100.0,0.0
0.0,0.0,100.0,0.0
0.0,0.0,100.0,0.0
0.0,0.0,100.0,0.0
0.0,0.0,100.0,0.0
0.0,0.0,100.0,0.0
0.0,0.0,100.0,0.0
0.0,0.0,100.0,0.0
0.0,0.0,100.0,0.0
0.0,0.0,100.0,0.0
0.0,0.0,100.0,0.0
0.0,0.0,100.0,0.0
0.0,0.0,100.0,0.0
0.0,0.0,100.0,0.0
0.0,0.0,100.0,0.0
0.0,0.0,100.0,0.0
0.0,0.0,100.0,0.0
0.0,0.0,100.0,0.0
0.0,0.0,100.0,0.0
0.0,0.0,100.0,0.0
0.0,0.0,100.0,0.0
0.0,0.0,100.0,0.0
0.0,0.0,100.0,0.0
0.0,0.0,100.0,0.0
0.0,0.0,100.0,0.0
0.0,0.0,100.0,0.0
0.0,0.0,100.0,0.0
0.0,0.0,100.0,0.0
0.0,0.0,100.0,0.0
0.0,0.0,100.0,0.0
0.0,0.0,100.0,0.0
0.0,0.0,100.0,0.0
0.0,0.0,100.0,0.0
0.0,0.0,100.0,0.0
0.0,0.0,100.0,0.0
0.0,0.0,100.0,0.0
0.0,0.0,100.0,0.0
0.0,0.0,100.0,0.0
0.0,0.0,100.0,0.0
0.0,0.0,100.0,0.0
0.0,0.0,100.0,0.0
0.0,0.0,100.0,0.0
0.0,0.0,100.0,0.0
0.0,0.0,100.0,0.0
0.0,0.0,100.0,0.0
0.0,0.0,100.0,0.0
0.0,0.0,100.0,0.0
0.0,0.0,100.0,0.0
0.0,0.0,100.0,0.0
0.0,0.0,100.0,0.0
0.0,0.0,100.0,0.0
0.0,0.0,100.0,0.0
0.0,0.0,100.0,0.0
0.0,0.0,100.0,0.0
0.0,0.0,100.0,0.0
0.0,0.0,100.0,0.0
0.0,0.0,100.0,0.0
0.0,0.0,100.0,0.0
0.0,0.0,100.0,0.0
0.0,0.0,100.0,0.0
0.0,0.0,100.0,0.0
0.0,0.0,100.0,0.0
0.0,0.0,100.0,0.0
0.0,0.0,100.0,0.0
0.0,0.0,100.0,0.0
0.0,0.0,100.0,0.0
0.0,0.0,100.0,0.0
0.0,0.0,100.0,0.0
0.0,0.0,100.0,0.0
0.0,0.0,100.0,0.0
0.0,0.0,100.0,0.0
0.0,0.0,100.0,0.0
0.0,0.0,100.0,0.0
0.0,0.0,100.0,0.0
0.0,0.0,100.0,0.0
0.0,0.0,100.0,0.0
0.0,0.0,100.0,0.0
0.0,0.0,100.0,0.0
0.0,0.0,100.0,0.0
0.0,0.0,100.0,0.0
0.0,0.0,100.0,0.0
0.0,0.0,100.0,0.0
0.0,0.0,100.0,0.0
0.0,0.0,100.0,0.0
0.0,0.0,100.0,0.0
0.0,0.0,100.0,0.0
0.0,0.0,100.0,0.0
0.0,0.0,100.0,0.0
0.0,0.0,100.0,0.0
0.0,0.0,100.0,0.0
0.0,0.0,100.0,0.0
0.0,0.0,100.0,0.0
0.0,0.0,100.0,0.0
0.0,0.0,100.0,0.0
0.0,0.0,100.0,0.0
0.0,0.0,100.0,0.0
0.0,0.0,100.0,0.0
0.0,0.0,100.0,0.0
0.0,0.0,100.0,0.0
0.0,0.0,100.0,0.0
0.0,0.0,100.0,0.0
0.0,0.0,100.0,0.0
0.0,0.0,100.0,0.0
0.0,0.0,100.0,0.0
0.0,0.0,100.0,0.0
0.0,0.0,100.0,0.0
0.0,0.0,100.0,0.0
0.0,0.0,100.0,0.0
0.0,0.0,100.0,0.0
0.0,0.0,100.0,0.0
0.0,0.0,100.0,0.0
0.0,0.0,100.0,0.0
0.0,0.0,100.0,0.0
0.0,0.0,100.0,0.0
0.0,0.0,100.0,0.0
0.0,0.0,100.0,0.0
0.0,0.0,100.0,0.0
0.0,0.0,100.0,0.0
0.0,0.0,100.0,0.0
0.0,0.0,100.0,0.0
0.0,0.0,100.0,0.0
0.0,0.0,100.0,0.0
0.0,0.0,100.0,0.0
0.0,0.0,100.0,0.0
0.0,0.0,100.0,0.0
0.0,0.0,100.0,0.0
0.0,0.0,100.0,0.0
0.0,0.0,100.0,0.0
0.0,0.0,100.0,0.0
0.0,0.0,100.0,0.0
0.0,0.0,100.0,0.0
0.0,0.0,100.0,0.0
0.0,0.0,100.0,0.0
0.0,0.0,100.0,0.0
0.0,0.0,100.0,0.0
0.0,0.0,100.0,0.0
0.0,0.0,100.0,0.0
0.0,0.0,100.0,0.0
0.0,0.0,100.0,0.0
0.0,0.0,100.0,0.0
0.0,0.0,100.0,0.0
0.0,0.0,100.0,0.0
0.0,0.0,100.0,0.0
0.0,0.0,100.0,0.0
0.0,0.0,100.0,0.0
0.0,0.0,100.0,0.0
0.0,0.0,100.0,0.0
0.0,0.0,100.0,0.0
0.0,0.0,100.0,0.0
0.0,0.0,100.0,0.0
0.0,0.0,100.0,0.0
0.0,0.0,100.0,0.0
0.0,0.0,100.0,0.0
0.0,0.0,100.0,0.0
0.0,0.0,100.0,0.0
0.0,0.0,100.0,0.0
0.0,0.0,100.0,0.0
0.0,0.0,100.0,0.0
0.0,0.0,100.0,0.0
0.0,0.0,100.0,0.0
0.0,0.0,100.0,0.0
0.0,0.0,100.0,0.0
0.0,0.0,100.0,0.0
0.0,0.0,100.0,0.0
0.0,0.0,100.0,0.0
0.0,0.0,100.0,0.0
0.0,0.0,100.0,0.0
0.0,0.0,100.0,0.0
0.0,0.0,100.0,0.0
0.0,0.0,100.0,0.0
0.0,0.0,100.0,0.0
0.0,0.0,100.0,0.0
0.0,0.0,100.0,0.0
0.0,0.0,100.0,0.0
0.0,0.0,100.0,0.0
0.0,0.0,100.0,0.0
0.0,0.0,100.0,0.0
0.0,0.0,100.0,0.0
0.0,0.0,100.0,0.0
0.0,0.0,100.0,0.0
0.0,0.0,100.0,0.0
0.0,0.0,100.0,0.0
0.0,0.0,100.0,0.0
0.0,0.0,100.0,0.0
0.0,0.0,100.0,0.0
0.0,0.0,100.0,0.0
0.0,0.0,100.0,0.0
0.0,0.0,100.0,0.0
0.0,0.0,100.0,0.0
0.0,0.0,100.0,0.0
0.0,0.0,100.0,0.0
0.0,0.0,100.0,0.0
0.0,0.0,100.0,0.0
0.0,0.0,100.0,0.0
0.0,0.0,100.0,0.0
0.0,0.0,100.0,0.0
0.0,0.0,100.0,0.0
0.0,0.0,100.0,0.0
0.0,0.0,100.0,0.0
0.0,0.0,100.0,0.0
0.0,0.0,100.0,0.0
0.0,0.0,100.0,0.0
0.0,0.0,100.0,0.0
0.0,0.0,100.0,0.0
0.0,0.0,100.0,0.0
0.0,0.0,100.0,0.0
0.0,0.0,100.0,0.0
0.0,0.0,100.0,0.0
0.0,0.0,100.0,0.0
0.0,0.0,100.0,0.0
0.0,0.0,100.0,0.0
0.0,0.0,100.0,0.0
0.0,0.0,100.0,0.0
0.0,0.0,100.0,0.0
0.0,0.0,100.0,0.0
0.0,0.0,100.0,0.0
0.0,0.0,100.0,0.0
0.0,0.0,100.0,0.0
0.0,0.0,100.0,0.0
0.0,0.0,100.0,0.0
0.0,0.0,100.0,0.0
0.0,0.0,100.0,0.0
0.0,0.0,100.0,0.0
0.0,0.0,100.0,0.0
0.0,0.0,100.0,0.0
0.0,0.0,100.0,0.0
0.0,0.0,100.0,0.0
0.0,0.0,100.0,0.0
0.0,0.0,100.0,0.0
0.0,0.0,100.0,0.0
0.0,0.0,100.0,0.0
0.0,0.0,100.0,0.0
0.0,0.0,100.0,0.0
0.0,0.0,100.0,0.0
0.0,0.0,100.0,0.0
0.0,0.0,100.0,0.0
0.0,0.0,100.0,0.0
0.0,0.0,100.0,0.0
0.0,0.0,100.0,0.0
0.0,0.0,100.0,0.0
0.0,0.0,100.0,0.0
0.0,0.0,100.0,0.0
0.0,0.0,100.0,0.0
0.0,0.0,100.0,0.0
0.0,0.0,100.0,0.0
0.0,0.0,100.0,0.0
0.0,0.0,100.0,0.0
0.0,0.0,100.0,0.0
0.0,0.0,100.0,0.0
0.0,0.0,100.0,0.0
0.0,0.0,100.0,0.0
0.0,0.0,100.0,0.0
0.0,0.0,100.0,0.0
0.0,0.0,100.0,0.0
0.0,0.0,100.0,0.0
0.0,0.0,100.0,0.0
0.0,0.0,100.0,0.0
0.0,0.0,100.0,0.0
0.0,0.0,100.0,0.0
0.0,0.0,100.0,0.0
0.0,0.0,100.0,0.0
0.0,0.0,100.0,0.0
0.0,0.0,100.0,0.0
0.0,0.0,100.0,0.0
0.0,0.0,100.0,0.0
0.0,0.0,100.0,0.0
0.0,0.0,100.0,0.0
0.0,0.0,100.0,0.0
0.0,0.0,100.0,0.0
0.0,0.0,100.0,0.0
0.0,0.0,100.0,0.0
0.0,0.0,100.0,0.0
0.0,0.0,100.0,0.0
0.0,0.0,100.0,0.0
0.0,0.0,100.0,0.0
0.0,0.0,100.0,0.0
0.0,0.0,100.0,0.0
0.0,0.0,100.0,0.0
0.0,0.0,100.0,0.0
0.0,0.0,100.0,0.0
0.0,0.0,100.0,0.0
0.0,0.0,100.0,0.0
0.0,0.0,100.0,0.0
0.0,0.0,100.0,0.0
0.0,0.0,100.0,0.0
0.0,0.0,100.0,0.0
0.0,0.0,100.0,0.0
0.0,0.0,100.0,0.0
0.0,0.0,100.0,0.0
0.0,0.0,100.0,0.0
0.0,0.0,100.0,0.0
0.0,0.0,100.0,0.0
0.0,0.0,100.0,0.0
0.0,0.0,100.0,0.0
0.0,0.0,100.0,0.0
0.0,0.0,100.0,0.0
0.0,0.0,100.0,0.0
0.0,0.0,100.0,0.0
0.0,0.0,100.0,0.0
0.0,0.0,100.0,0.0
0.0,0.0,100.0,0.0
0.0,0.0,100.0,0.0
0.0,0.0,100.0,0.0
0.0,0.0,100.0,0.0
0.0,0.0,100.0,0.0
0.0,0.0,100.0,0.0
0.0,0.0,100.0,0.0
0.0,0.0,100.0,0.0
0.0,0.0,100.0,0.0
0.0,0.0,100.0,0.0
0.0,0.0,100.0,0.0
0.0,0.0,100.0,0.0
0.0,0.0,100.0,0.0
0.0,0.0,100.0,0.0
0.0,0.0,100.0,0.0
0.0,0.0,100.0,0.0
0.0,0.0,100.0,0.0
0.0,0.0,100.0,0.0
0.0,0.0,100.0,0.0
0.0,0.0,100.0,0.0
0.0,0.0,100.0,0.0
0.0,0.0,100.0,0.0
0.0,0.0,100.0,0.0
0.0,0.0,100.0,0.0
0.0,0.0,100.0,0.0
0.0,0.0,100.0,0.0
0.0,0.0,100.0,0.0
0.0,0.0,100.0,0.0
0.0,0.0,100.0,0.0
0.0,0.0,100.0,0.0
0.0,0.0,100.0,0.0
0.0,0.0,100.0,0.0
0.0,0.0,100.0,0.0
0.0,0.0,100.0,0.0
0.0,0.0,100.0,0.0
0.0,0.0,100.0,0.0
0.0,0.0,100.0,0.0
0.0,0.0,100.0,0.0
0.0,0.0,100.0,0.0
0.0,0.0,100.0,0.0
0.0,0.0,100.0,0.0
0.0,0.0,100.0,0.0
0.0,0.0,100.0,0.0
0.0,0.0,100.0,0.0
0.0,0.0,100.0,0.0
0.0,0.0,100.0,0.0
0.0,0.0,100.0,0.0
0.0,0.0,100.0,0.0
0.0,0.0,100.0,0.0
0.0,0.0,100.0,0.0
0.0,0.0,100.0,0.0
0.0,0.0,100.0,0.0
0.0,0.0,100.0,0.0
0.0,0.0,100.0,0.0
0.0,0.0,100.0,0.0
0.0,0.0,100.0,0.0
0.0,0.0,100.0,0.0
0.0,0.0,100.0,0.0
0.0,0.0,100.0,0.0
0.0,0.0,100.0,0.0
0.0,0.0,100.0,0.0
0.0,0.0,100.0,0.0
0.0,0.0,100.0,0.0
0.0,0.0,100.0,0.0
0.0,0.0,100.0,0.0
0.0,0.0,100.0,0.0
0.0,0.0,100.0,0.0
0.0,0.0,100.0,0.0
0.0,0.0,100.0,0.0
0.0,0.0,100.0,0.0
0.0,0.0,100.0,0.0
0.0,0.0,100.0,0.0
0.0,0.0,100.0,0.0
0.0,0.0,100.0,0.0
0.0,0.0,100.0,0.0
0.0,0.0,100.0,0.0
0.0,0.0,100.0,0.0
0.0,0.0,100.0,0.0
0.0,0.0,100.0,0.0
0.0,0.0,100.0,0.0
0.0,0.0,100.0,0.0
0.0,0.0,100.0,0.0
0.0,0.0,100.0,0.0
0.0,0.0,100.0,0.0
0.0,0.0,100.0,0.0
0.0,0.0,100.0,0.0
0.0,0.0,100.0,0.0
0.0,0.0,100.0,0.0
0.0,0.0,100.0,0.0
0.0,0.0,100.0,0.0
0.0,0.0,100.0,0.0
0.0,0.0,100.0,0.0
0.0,0.0,100.0,0.0
0.0,0.0,100.0,0.0
0.0,0.0,100.0,0.0
0.0,0.0,100.0,0.0
0.0,0.0,100.0,0.0
0.0,0.0,100.0,0.0
0.0,0.0,100.0,0.0
0.0,0.0,100.0,0.0
0.0,0.0,100.0,0.0
0.0,0.0,100.0,0.0
0.0,0.0,100.0,0.0
0.0,0.0,100.0,0.0
0.0,0.0,100.0,0.0
0.0,0.0,100.0,0.0
0.0,0.0,100.0,0.0
0.0,0.0,100.0,0.0
0.0,0.0,100.0,0.0
0.0,0.0,100.0,0.0
0.0,0.0,100.0,0.0
0.0,0.0,100.0,0.0
0.0,0.0,100.0,0.0
0.0,0.0,100.0,0.0
0.0,0.0,100.0,0.0
0.0,0.0,100.0,0.0
0.0,0.0,100.0,0.0
0.0,0.0,100.0,0.0
0.0,0.0,100.0,0.0
0.0,0.0,100.0,0.0
0.0,0.0,100.0,0.0
0.0,0.0,100.0,0.0
0.0,0.0,100.0,0.0
0.0,0.0,100.0,0.0
0.0,0.0,100.0,0.0
0.0,0.0,100.0,0.0
0.0,0.0,100.0,0.0
0.0,0.0,100.0,0.0
0.0,0.0,100.0,0.0
0.0,0.0,100.0,0.0
0.0,0.0,100.0,0.0
0.0,0.0,100.0,0.0
0.0,0.0,100.0,0.0
0.0,0.0,100.0,0.0
0.0,0.0,100.0,0.0
0.0,0.0,100.0,0.0
0.0,0.0,100.0,0.0
0.0,0.0,100.0,0.0
0.0,0.0,100.0,0.0
0.0,0.0,100.0,0.0
0.0,0.0,100.0,0.0
0.0,0.0,100.0,0.0
0.0,0.0,100.0,0.0
0.0,0.0,100.0,0.0
0.0,0.0,100.0,0.0
0.0,0.0,100.0,0.0
0.0,0.0,100.0,0.0
0.0,0.0,100.0,0.0
0.0,0.0,100.0,0.0
0.0,0.0,100.0,0.0
0.0,0.0,100.0,0.0
0.0,0.0,100.0,0.0
0.0,0.0,100.0,0.0
0.0,0.0,100.0,0.0
0.0,0.0,100.0,0.0
0.0,0.0,100.0,0.0
0.0,0.0,100.0,0.0
0.0,0.0,100.0,0.0
0.0,0.0,100.0,0.0
0.0,0.0,100.0,0.0
0.0,0.0,100.0,0.0
0.0,0.0,100.0,0.0
0.0,0.0,100.0,0.0
0.0,0.0,100.0,0.0
0.0,0.0,100.0,0.0
0.0,0.0,100.0,0.0
0.0,0.0,100.0,0.0
0.0,0.0,100.0,0.0
0.0,0.0,100.0,0.0
0.0,0.0,100.0,0.0
0.0,0.0,100.0,0.0
0.0,0.0,100.0,0.0
0.0,0.0,100.0,0.0
0.0,0.0,100.0,0.0
0.0,0.0,100.0,0.0
0.0,0.0,100.0,0.0
0.0,0.0,100.0,0.0
0.0,0.0,100.0,0.0
0.0,0.0,100.0,0.0
0.0,0.0,100.0,0.0
0.0,0.0,100.0,0.0
0.0,0.0,100.0,0.0
0.0,0.0,100.0,0.0
0.0,0.0,100.0,0.0
0.0,0.0,100.0,0.0
0.0,0.0,100.0,0.0
0.0,0.0,100.0,0.0
0.0,0.0,100.0,0.0
0.0,0.0,100.0,0.0
0.0,0.0,100.0,0.0
0.0,0.0,100.0,0.0
0.0,0.0,100.0,0.0
0.0,0.0,100.0,0.0
0.0,0.0,100.0,0.0
0.0,0.0,100.0,0.0
0.0,0.0,100.0,0.0
0.0,0.0,100.0,0.0
0.0,0.0,100.0,0.0
0.0,0.0,100.0,0.0
0.0,0.0,100.0,0.0
0.0,0.0,100.0,0.0
0.0,0.0,100.0,0.0
0.0,0.0,100.0,0.0
0.0,0.0,100.0,0.0
0.0,0.0,100.0,0.0
0.0,0.0,100.0,0.0
0.0,0.0,100.0,0.0
0.0,0.0,100.0,0.0
0.0,0.0,100.0,0.0
0.0,0.0,100.0,0.0
0.0,0.0,100.0,0.0
0.0,0.0,100.0,0.0
0.0,0.0,100.0,0.0
0.0,0.0,100.0,0.0
0.0,0.0,100.0,0.0
0.0,0.0,100.0,0.0
0.0,0.0,100.0,0.0
0.0,0.0,100.0,0.0
0.0,0.0,100.0,0.0
0.0,0.0,100.0,0.0
0.0,0.0,100.0,0.0
0.0,0.0,100.0,0.0
0.0,0.0,100.0,0.0
0.0,0.0,100.0,0.0
0.0,0.0,100.0,0.0
0.0,0.0,100.0,0.0
0.0,0.0,100.0,0.0
0.0,0.0,100.0,0.0
0.0,0.0,100.0,0.0
0.0,0.0,100.0,0.0
0.0,0.0,100.0,0.0
0.0,0.0,100.0,0.0
0.0,0.0,100.0,0.0
0.0,0.0,100.0,0.0
0.0,0.0,100.0,0.0
0.0,0.0,100.0,0.0
0.0,0.0,100.0,0.0
0.0,0.0,100.0,0.0
0.0,0.0,100.0,0.0
0.0,0.0,100.0,0.0
0.0,0.0,100.0,0.0
0.0,0.0,100.0,0.0
0.0,0.0,100.0,0.0
0.0,0.0,100.0,0.0
0.0,0.0,100.0,0.0
0.0,0.0,100.0,0.0
0.0,0.0,100.0,0.0
0.0,0.0,100.0,0.0
0.0,0.0,100.0,0.0
0.0,0.0,100.0,0.0
0.0,0.0,100.0,0.0
0.0,0.0,100.0,0.0
0.0,0.0,100.0,0.0
0.0,0.0,100.0,0.0
0.0,0.0,100.0,0.0
0.0,0.0,100.0,0.0
0.0,0.0,100.0,0.0
0.0,0.0,100.0,0.0
0.0,0.0,100.0,0.0
0.0,0.0,100.0,0.0
0.0,0.0,100.0,0.0
0.0,0.0,100.0,0.0
0.0,0.0,100.0,0.0
0.0,0.0,100.0,0.0
0.0,0.0,100.0,0.0
0.0,0.0,100.0,0.0
0.0,0.0,100.0,0.0
0.0,0.0,100.0,0.0
0.0,0.0,100.0,0.0
0.0,0.0,100.0,0.0
0.0,0.0,100.0,0.0
0.0,0.0,100.0,0.0
0.0,0.0,100.0,0.0
0.0,0.0,100.0,0.0
0.0,0.0,100.0,0.0
0.0,0.0,100.0,0.0
0.0,0.0,100.0,0.0
0.0,0.0,100.0,0.0
0.0,0.0,100.0,0.0
0.0,0.0,100.0,0.0
0.0,0.0,100.0,0.0
0.0,0.0,100.0,0.0
0.0,0.0,100.0,0.0
0.0,0.0,100.0,0.0
0.0,0.0,100.0,0.0
0.0,0.0,100.0,0.0
0.0,0.0,100.0,0.0
0.0,0.0,100.0,0.0
0.0,0.0,100.0,0.0
0.0,0.0,100.0,0.0
0.0,0.0,100.0,0.0
0.0,0.0,100.0,0.0
0.0,0.0,100.0,0.0
0.0,0.0,100.0,0.0
0.0,0.0,100.0,0.0
0.0,0.0,100.0,0.0
0.0,0.0,100.0,0.0
0.0,0.0,100.0,0.0
0.0,0.0,100.0,0.0
0.0,0.0,100.0,0.0
0.0,0.0,100.0,0.0
0.0,0.0,100.0,0.0
0.0,0.0,100.0,0.0
0.0,0.0,100.0,0.0
0.0,0.0,100.0,0.0
0.0,0.0,100.0,0.0
0.0,0.0,100.0,0.0
0.0,0.0,100.0,0.0
0.0,0.0,100.0,0.0
0.0,0.0,100.0,0.0
0.0,0.0,100.0,0.0
0.0,0.0,100.0,0.0
0.0,0.0,100.0,0.0
0.0,0.0,100.0,0.0
0.0,0.0,100.0,0.0
0.0,0.0,100.0,0.0
0.0,0.0,100.0,0.0
0.0,0.0,100.0,0.0
0.0,0.0,100.0,0.0
0.0,0.0,100.0,0.0
0.0,0.0,100.0,0.0
0.0,0.0,100.0,0.0
0.0,0.0,100.0,0.0
0.0,0.0,100.0,0.0
0.0,0.0,100.0,0.0
0.0,0.0,100.0,0.0
0.0,0.0,100.0,0.0
0.0,0.0,100.0,0.0
0.0,0.0,100.0,0.0
0.0,0.0,100.0,0.0
0.0,0.0,100.0,0.0
0.0,0.0,100.0,0.0
0.0,0.0,100.0,0.0
0.0,0.0,100.0,0.0
0.0,0.0,100.0,0.0
0.0,0.0,100.0,0.0
0.0,0.0,100.0,0.0
0.0,0.0,100.0,0.0
0.0,0.0,100.0,0.0
0.0,0.0,100.0,0.0
0.0,0.0,100.0,0.0
0.0,0.0,100.0,0.0
0.0,0.0,100.0,0.0
0.0,0.0,100.0,0.0
0.0,0.0,100.0,0.0
0.0,0.0,100.0,0.0
0.0,0.0,100.0,0.0
0.0,0.0,100.0,0.0
0.0,0.0,100.0,0.0
0.0,0.0,100.0,0.0
0.0,0.0,100.0,0.0
0.0,0.0,100.0,0.0
0.0,0.0,100.0,0.0
0.0,0.0,100.0,0.0
0.0,0.0,100.0,0.0
0.0,0.0,100.0,0.0
0.0,0.0,100.0,0.0
0.0,0.0,100.0,0.0
0.0,0.0,100.0,0.0
0.0,0.0,100.0,0.0
0.0,0.0,100.0,0.0
0.0,0.0,100.0,0.0
0.0,0.0,100.0,0.0
0.0,0.0,100.0,0.0
0.0,0.0,100.0,0.0
0.0,0.0,100.0,0.0
0.0,0.0,100.0,0.0
0.0,0.0,100.0,0.0
0.0,0.0,100.0,0.0
0.0,0.0,100.0,0.0
0.0,0.0,100.0,0.0
0.0,0.0,100.0,0.0
0.0,0.0,100.0,0.0
0.0,0.0,100.0,0.0
0.0,0.0,100.0,0.0
0.0,0.0,100.0,0.0
0.0,0.0,100.0,0.0
0.0,0.0,100.0,0.0
0.0,0.0,100.0,0.0
0.0,0.0,100.0,0.0
0.0,0.0,100.0,0.0
0.0,0.0,100.0,0.0
0.0,0.0,100.0,0.0
0.0,0.0,100.0,0.0
0.0,0.0,100.0,0.0
0.0,0.0,100.0,0.0
0.0,0.0,100.0,0.0
0.0,0.0,100.0,0.0
0.0,0.0,100.0,0.0
0.0,0.0,100.0,0.0
0.0,0.0,100.0,0.0
0.0,0.0,100.0,0.0
0.0,0.0,100.0,0.0
0.0,0.0,100.0,0.0
0.0,0.0,100.0,0.0
0.0,0.0,100.0,0.0
0.0,0.0,100.0,0.0
0.0,0.0,100.0,0.0
0.0,0.0,100.0,0.0
0.0,0.0,100.0,0.0
0.0,0.0,100.0,0.0
0.0,0.0,100.0,0.0
0.0,0.0,100.0,0.0
0.0,0.0,100.0,0.0
0.0,0.0,100.0,0.0
0.0,0.0,100.0,0.0
0.0,0.0,100.0,0.0
0.0,0.0,100.0,0.0
0.0,0.0,100.0,0.0
0.0,0.0,100.0,0.0
0.0,0.0,100.0,0.0
0.0,0.0,100.0,0.0
0.0,0.0,100.0,0.0
0.0,0.0,100.0,0.0
0.0,0.0,100.0,0.0
0.0,0.0,100.0,0.0
0.0,0.0,100.0,0.0
0.0,0.0,100.0,0.0
0.0,0.0,100.0,0.0
0.0,0.0,100.0,0.0
0.0,0.0,100.0,0.0
0.0,0.0,100.0,0.0
0.0,0.0,100.0,0.0
0.0,0.0,100.0,0.0
0.0,0.0,100.0,0.0
0.0,0.0,100.0,0.0
0.0,0.0,100.0,0.0
0.0,0.0,100.0,0.0
0.0,0.0,100.0,0.0
0.0,0.0,100.0,0.0
0.0,0.0,100.0,0.0
0.0,0.0,100.0,0.0
0.0,0.0,100.0,0.0
0.0,0.0,100.0,0.0
0.0,0.0,100.0,0.0
0.0,0.0,100.0,0.0
0.0,0.0,100.0,0.0
0.0,0.0,100.0,0.0
0.0,0.0,100.0,0.0
0.0,0.0,100.0,0.0
0.0,0.0,100.0,0.0
0.0,0.0,100.0,0.0
0.0,0.0,100.0,0.0
0.0,0.0,100.0,0.0
0.0,0.0,100.0,0.0
0.0,0.0,100.0,0.0
0.0,0.0,100.0,0.0
0.0,0.0,100.0,0.0
0.0,0.0,100.0,0.0
0.0,0.0,100.0,0.0
0.0,0.0,100.0,0.0
0.0,0.0,100.0,0.0
0.0,0.0,100.0,0.0
0.0,0.0,100.0,0.0
0.0,0.0,100.0,0.0
0.0,0.0,100.0,0.0
0.0,0.0,100.0,0.0
0.0,0.0,100.0,0.0
0.0,0.0,100.0,0.0
0.0,0.0,100.0,0.0
0.0,0.0,100.0,0.0
0.0,0.0,100.0,0.0
0.0,0.0,100.0,0.0
0.0,0.0,100.0,0.0
0.0,0.0,100.0,0.0
0.0,0.0,100.0,0.0
0.0,0.0,100.0,0.0
0.0,0.0,100.0,0.0
0.0,0.0,100.0,0.0
0.0,0.0,100.0,0.0
0.0,0.0,100.0,0.0
0.0,0.0,100.0,0.0
0.0,0.0,100.0,0.0
0.0,0.0,100.0,0.0
0.0,0.0,100.0,0.0
0.0,0.0,100.0,0.0
0.0,0.0,100.0,0.0
0.0,0.0,100.0,0.0
0.0,0.0,100.0,0.0
0.0,0.0,100.0,0.0
0.0,0.0,100.0,0.0
0.0,0.0,100.0,0.0
0.0,0.0,100.0,0.0
0.0,0.0,100.0,0.0
0.0,0.0,100.0,0.0
0.0,0.0,100.0,0.0
0.0,0.0,100.0,0.0
0.0,0.0,100.0,0.0
0.0,0.0,100.0,0.0
0.0,0.0,100.0,0.0
0.0,0.0,100.0,0.0
0.0,0.0,100.0,0.0
0.0,0.0,100.0,0.0
0.0,0.0,100.0,0.0
0.0,0.0,100.0,0.0
0.0,0.0,100.0,0.0
0.0,0.0,100.0,0.0
0.0,0.0,100.0,0.0
0.0,0.0,100.0,0.0
0.0,0.0,100.0,0.0
0.0,0.0,100.0,0.0
0.0,0.0,100.0,0.0
0.0,0.0,100.0,0.0
0.0,0.0,100.0,0.0
0.0,0.0,100.0,0.0
0.0,0.0,100.0,0.0
0.0,0.0,100.0,0.0
0.0,0.0,100.0,0.0
0.0,0.0,100.0,0.0
0.0,0.0,100.0,0.0
0.0,0.0,100.0,0.0
0.0,0.0,100.0,0.0
0.0,0.0,100.0,0.0
0.0,0.0,100.0,0.0
0.0,0.0,100.0,0.0
0.0,0.0,100.0,0.0
0.0,0.0,100.0,0.0
0.0,0.0,100.0,0.0
0.0,0.0,100.0,0.0
0.0,0.0,100.0,0.0
0.0,0.0,100.0,0.0
0.0,0.0,100.0,0.0
0.0,0.0,100.0,0.0
0.0,0.0,100.0,0.0
0.0,0.0,100.0,0.0
0.0,0.0,100.0,0.0
0.0,0.0,100.0,0.0
0.0,0.0,100.0,0.0
0.0,0.0,100.0,0.0
0.0,0.0,100.0,0.0
0.0,0.0,100.0,0.0
0.0,0.0,100.0,0.0
0.0,0.0,100.0,0.0
0.0,0.0,100.0,0.0
0.0,0.0,100.0,0.0
0.0,0.0,100.0,0.0
0.0,0.0,100.0,0.0
0.0,0.0,100.0,0.0
0.0,0.0,100.0,0.0
0.0,0.0,100.0,0.0
0.0,0.0,100.0,0.0
0.0,0.0,100.0,0.0
0.0,0.0,100.0,0.0
0.0,0.0,100.0,0.0
0.0,0.0,100.0,0.0
0.0,0.0,100.0,0.0
0.0,0.0,100.0,0.0
0.0,0.0,100.0,0.0
0.0,0.0,100.0,0.0
0.0,0.0,100.0,0.0
0.0,0.0,100.0,0.0
0.0,0.0,100.0,0.0
0.0,0.0,100.0,0.0
0.0,0.0,100.0,0.0
0.0,0.0,100.0,0.0
0.0,0.0,100.0,0.0
0.0,0.0,100.0,0.0
0.0,0.0,100.0,0.0
0.0,0.0,100.0,0.0
0.0,0.0,100.0,0.0
0.0,0.0,100.0,0.0
0.0,0.0,100.0,0.0
0.0,0.0,100.0,0.0
0.0,0.0,100.0,0.0
0.0,0.0,100.0,0.0
0.0,0.0,100.0,0.0
0.0,0.0,100.0,0.0
0.0,0.0,100.0,0.0
0.0,0.0,100.0,0.0
0.0,0.0,100.0,0.0
0.0,0.0,100.0,0.0
0.0,0.0,100.0,0.0
0.0,0.0,100.0,0.0
0.0,0.0,100.0,0.0
0.0,0.0,100.0,0.0
0.0,0.0,100.0,0.0
0.0,0.0,100.0,0.0
0.0,0.0,100.0,0.0
0.0,0.0,100.0,0.0
0.0,0.0,100.0,0.0
0.0,0.0,100.0,0.0
0.0,0.0,100.0,0.0
0.0,0.0,100.0,0.0
0.0,0.0,100.0,0.0
0.0,0.0,100.0,0.0
0.0,0.0,100.0,0.0
0.0,0.0,100.0,0.0
0.0,0.0,100.0,0.0
0.0,0.0,100.0,0.0
0.0,0.0,100.0,0.0
0.0,0.0,100.0,0.0
0.0,0.0,100.0,0.0
0.0,0.0,100.0,0.0
0.0,0.0,100.0,0.0
0.0,0.0,100.0,0.0
0.0,0.0,100.0,0.0
0.0,0.0,100.0,0.0
0.0,0.0,100.0,0.0
0.0,0.0,100.0,0.0
0.0,0.0,100.0,0.0
0.0,0.0,100.0,0.0
0.0,0.0,100.0,0.0
0.0,0.0,100.0,0.0
0.0,0.0,100.0,0.0
0.0,0.0,100.0,0.0
0.0,0.0,100.0,0.0
0.0,0.0,100.0,0.0
0.0,0.0,100.0,0.0
0.0,0.0,100.0,0.0
0.0,0.0,100.0,0.0
0.0,0.0,100.0,0.0
0.0,0.0,100.0,0.0
0.0,0.0,100.0,0.0
0.0,0.0,100.0,0.0
0.0,0.0,100.0,0.0
0.0,0.0,100.0,0.0
0.0,0.0,100.0,0.0
0.0,0.0,100.0,0.0
0.0,0.0,100.0,0.0
0.0,0.0,100.0,0.0
0.0,0.0,100.0,0.0
0.0,0.0,100.0,0.0
0.0,0.0,100.0,0.0
0.0,0.0,100.0,0.0
0.0,0.0,100.0,0.0
0.0,0.0,100.0,0.0
0.0,0.0,100.0,0.0
0.0,0.0,100.0,0.0
0.0,0.0,100.0,0.0
0.0,0.0,100.0,0.0
0.0,0.0,100.0,0.0
0.0,0.0,100.0,0.0
0.0,0.0,100.0,0.0
0.0,0.0,100.0,0.0
0.0,0.0,100.0,0.0
0.0,0.0,100.0,0.0
0.0,0.0,100.0,0.0
0.0,0.0,100.0,0.0
0.0,0.0,100.0,0.0
0.0,0.0,100.0,0.0
0.0,0.0,100.0,0.0
0.0,0.0,100.0,0.0
0.0,0.0,100.0,0.0
0.0,0.0,100.0,0.0
0.0,0.0,100.0,0.0
0.0,0.0,100.0,0.0
0.0,0.0,100.0,0.0
0.0,0.0,100.0,0.0
0.0,0.0,100.0,0.0
0.0,0.0,100.0,0.0
0.0,0.0,100.0,0.0
0.0,0.0,100.0,0.0
0.0,0.0,100.0,0.0
0.0,0.0,100.0,0.0
0.0,0.0,100.0,0.0
0.0,0.0,100.0,0.0
0.0,0.0,100.0,0.0
0.0,0.0,100.0,0.0
0.0,0.0,100.0,0.0
0.0,0.0,100.0,0.0
0.0,0.0,100.0,0.0
0.0,0.0,100.0,0.0
0.0,0.0,100.0,0.0
0.0,0.0,100.0,0.0
0.0,0.0,100.0,0.0
0.0,0.0,100.0,0.0
0.0,0.0,100.0,0.0
0.0,0.0,100.0,0.0
0.0,0.0,100.0,0.0
0.0,0.0,100.0,0.0
0.0,0.0,100.0,0.0
0.0,0.0,100.0,0.0
0.0,0.0,100.0,0.0
0.0,0.0,100.0,0.0
0.0,0.0,100.0,0.0
0.0,0.0,100.0,0.0
0.0,0.0,100.0,0.0
0.0,0.0,100.0,0.0
0.0,0.0,100.0,0.0
0.0,0.0,100.0,0.0
0.0,0.0,100.0,0.0
0.0,0.0,100.0,0.0
0.0,0.0,100.0,0.0
0.0,0.0,100.0,0.0
0.0,0.0,100.0,0.0
0.0,0.0,100.0,0.0
0.0,0.0,100.0,0.0
0.0,0.0,100.0,0.0
0.0,0.0,100.0,0.0
0.0,0.0,100.0,0.0
0.0,0.0,100.0,0.0
0.0,0.0,100.0,0.0
0.0,0.0,100.0,0.0
0.0,0.0,100.0,0.0
0.0,0.0,100.0,0.0
0.0,0.0,100.0,0.0
0.0,0.0,100.0,0.0
0.0,0.0,100.0,0.0
0.0,0.0,100.0,0.0
0.0,0.0,100.0,0.0
0.0,0.0,100.0,0.0
0.0,0.0,100.0,0.0
0.0,0.0,100.0,0.0
0.0,0.0,100.0,0.0
0.0,0.0,100.0,0.0
0.0,0.0,100.0,0.0
0.0,0.0,100.0,0.0
0.0,0.0,100.0,0.0
0.0,0.0,100.0,0.0
0.0,0.0,100.0,0.0
0.0,0.0,100.0,0.0
0.0,0.0,100.0,0.0
0.0,0.0,100.0,0.0
0.0,0.0,100.0,0.0
0.0,0.0,100.0,0.0
0.0,0.0,100.0,0.0
0.0,0.0,100.0,0.0
0.0,0.0,100.0,0.0
0.0,0.0,100.0,0.0
0.0,0.0,100.0,0.0
0.0,0.0,100.0,0.0
0.0,0.0,100.0,0.0
0.0,0.0,100.0,0.0
0.0,0.0,100.0,0.0
0.0,0.0,100.0,0.0
0.0,0.0,100.0,0.0
0.0,0.0,100.0,0.0
0.0,0.0,100.0,0.0
0.0,0.0,100.0,0.0
0.0,0.0,100.0,0.0
0.0,0.0,100.0,0.0
0.0,0.0,100.0,0.0
0.0,0.0,100.0,0.0
0.0,0.0,100.0,0.0
0.0,0.0,100.0,0.0
0.0,0.0,100.0,0.0
0.0,0.0,100.0,0.0
0.0,0.0,100.0,0.0
0.0,0.0,100.0,0.0
0.0,0.0,100.0,0.0
0.0,0.0,100.0,0.0
0.0,0.0,100.0,0.0
0.0,0.0,100.0,0.0
0.0,0.0,100.0,0.0
0.0,0.0,100.0,0.0
0.0,0.0,100.0,0.0
0.0,0.0,100.0,0.0
0.0,0.0,100.0,0.0
0.0,0.0,100.0,0.0
0.0,0.0,100.0,0.0
0.0,0.0,100.0,0.0
0.0,0.0,100.0,0.0
0.0,0.0,100.0,0.0
0.0,0.0,100.0,0.0
0.0,0.0,100.0,0.0
0.0,0.0,100.0,0.0
0.0,0.0,100.0,0.0
0.0,0.0,100.0,0.0
0.0,0.0,100.0,0.0
0.0,0.0,100.0,0.0
0.0,0.0,100.0,0.0
0.0,0.0,100.0,0.0
0.0,0.0,100.0,0.0
0.0,0.0,100.0,0.0
0.0,0.0,100.0,0.0
0.0,0.0,100.0,0.0
0.0,0.0,100.0,0.0
0.0,0.0,100.0,0.0
0.0,0.0,100.0,0.0
0.0,0.0,100.0,0.0
0.0,0.0,100.0,0.0
0.0,0.0,100.0,0.0
0.0,0.0,100.0,0.0
0.0,0.0,100.0,0.0
0.0,0.0,100.0,0.0
0.0,0.0,100.0,0.0
0.0,0.0,100.0,0.0
0.0,0.0,100.0,0.0
0.0,0.0,100.0,0.0
0.0,0.0,100.0,0.0
0.0,0.0,100.0,0.0
0.0,0.0,100.0,0.0
0.0,0.0,100.0,0.0
0.0,0.0,100.0,0.0
0.0,0.0,100.0,0.0
0.0,0.0,100.0,0.0
0.0,0.0,100.0,0.0
0.0,0.0,100.0,0.0
0.0,0.0,100.0,0.0
0.0,0.0,100.0,0.0
0.0,0.0,100.0,0.0
0.0,0.0,100.0,0.0
0.0,0.0,100.0,0.0
0.0,0.0,100.0,0.0
0.0,0.0,100.0,0.0
0.0,0.0,100.0,0.0
0.0,0.0,100.0,0.0
0.0,0.0,100.0,0.0
0.0,0.0,100.0,0.0
0.0,0.0,100.0,0.0
0.0,0.0,100.0,0.0
0.0,0.0,100.0,0.0
0.0,0.0,100.0,0.0
0.0,0.0,100.0,0.0
0.0,0.0,100.0,0.0
0.0,0.0,100.0,0.0
0.0,0.0,100.0,0.0
0.0,0.0,100.0,0.0
0.0,0.0,100.0,0.0
0.0,0.0,100.0,0.0
0.0,0.0,100.0,0.0
0.0,0.0,100.0,0.0
0.0,0.0,100.0,0.0
0.0,0.0,100.0,0.0
0.0,0.0,100.0,0.0
0.0,0.0,100.0,0.0
0.0,0.0,100.0,0.0
0.0,0.0,100.0,0.0
0.0,0.0,100.0,0.0
0.0,0.0,100.0,0.0
0.0,0.0,100.0,0.0
0.0,0.0,100.0,0.0
0.0,0.0,100.0,0.0
0.0,0.0,100.0,0.0
0.0,0.0,100.0,0.0
0.0,0.0,100.0,0.0
0.0,0.0,100.0,0.0
0.0,0.0,100.0,0.0
0.0,0.0,100.0,0.0
0.0,0.0,100.0,0.0
0.0,0.0,100.0,0.0
0.0,0.0,100.0,0.0
0.0,0.0,100.0,0.0
0.0,0.0,100.0,0.0
0.0,0.0,100.0,0.0
0.0,0.0,100.0,0.0
0.0,0.0,100.0,0.0
0.0,0.0,100.0,0.0
0.0,0.0,100.0,0.0
0.0,0.0,100.0,0.0
0.0,0.0,100.0,0.0
0.0,0.0,100.0,0.0
0.0,0.0,100.0,0.0
0.0,0.0,100.0,0.0
0.0,0.0,100.0,0.0
0.0,0.0,100.0,0.0
0.0,0.0,100.0,0.0
0.0,0.0,100.0,0.0
0.0,0.0,100.0,0.0
0.0,0.0,100.0,0.0
0.0,0.0,100.0,0.0
0.0,0.0,100.0,0.0
0.0,0.0,100.0,0.0
0.0,0.0,100.0,0.0
0.0,0.0,100.0,0.0
0.0,0.0,100.0,0.0
0.0,0.0,100.0,0.0
0.0,0.0,100.0,0.0
0.0,0.0,100.0,0.0
0.0,0.0,100.0,0.0
0.0,0.0,100.0,0.0
0.0,0.0,100.0,0.0
0.0,0.0,100.0,0.0
0.0,0.0,100.0,0.0
0.0,0.0,100.0,0.0
0.0,0.0,100.0,0.0
0.0,0.0,100.0,0.0
0.0,0.0,100.0,0.0
0.0,0.0,100.0,0.0
0.0,0.0,100.0,0.0
0.0,0.0,100.0,0.0
0.0,0.0,100.0,0.0
0.0,0.0,100.0,0.0
0.0,0.0,100.0,0.0
0.0,0.0,100.0,0.0
0.0,0.0,100.0,0.0
0.0,0.0,100.0,0.0
0.0,0.0,100.0,0.0
0.0,0.0,100.0,0.0
0.0,0.0,100.0,0.0
0.0,0.0,100.0,0.0
0.0,0.0,100.0,0.0
0.0,0.0,100.0,0.0
0.0,0.0,100.0,0.0
0.0,0.0,100.0,0.0
0.0,0.0,100.0,0.0
0.0,0.0,100.0,0.0
0.0,0.0,100.0,0.0
0.0,0.0,100.0,0.0
0.0,0.0,100.0,0.0
0.0,0.0,100.0,0.0
0.0,0.0,100.0,0.0
0.0,0.0,100.0,0.0
0.0,0.0,100.0,0.0
0.0,0.0,100.0,0.0
0.0,0.0,100.0,0.0
0.0,0.0,100.0,0.0
0.0,0.0,100.0,0.0
0.0,0.0,100.0,0.0
0.0,0.0,100.0,0.0
0.0,0.0,100.0,0.0
0.0,0.0,100.0,0.0
0.0,0.0,100.0,0.0
0.0,0.0,100.0,0.0
0.0,0.0,100.0,0.0
0.0,0.0,100.0,0.0
0.0,0.0,100.0,0.0
0.0,0.0,100.0,0.0
0.0,0.0,100.0,0.0
0.0,0.0,100.0,0.0
0.0,0.0,100.0,0.0
0.0,0.0,100.0,0.0
0.0,0.0,100.0,0.0
0.0,0.0,100.0,0.0
0.0,0.0,100.0,0.0
0.0,0.0,100.0,0.0
0.0,0.0,100.0,0.0
0.0,0.0,100.0,0.0
0.0,0.0,100.0,0.0
0.0,0.0,100.0,0.0
0.0,0.0,100.0,0.0
0.0,0.0,100.0,0.0
0.0,0.0,100.0,0.0
0.0,0.0,100.0,0.0
0.0,0.0,100.0,0.0
0.0,0.0,100.0,0.0
0.0,0.0,100.0,0.0
0.0,0.0,100.0,0.0
0.0,0.0,100.0,0.0
0.0,0.0,100.0,0.0
0.0,0.0,100.0,0.0
0.0,0.0,100.0,0.0
0.0,0.0,100.0,0.0
0.0,0.0,100.0,0.0
0.0,0.0,100.0,0.0
0.0,0.0,100.0,0.0
0.0,0.0,100.0,0.0
0.0,0.0,100.0,0.0
0.0,0.0,100.0,0.0
0.0,0.0,100.0,0.0
0.0,0.0,100.0,0.0
0.0,0.0,100.0,0.0
0.0,0.0,100.0,0.0
0.0,0.0,100.0,0.0
0.0,0.0,100.0,0.0
0.0,0.0,100.0,0.0
0.0,0.0,100.0,0.0
0.0,0.0,100.0,0.0
0.0,0.0,100.0,0.0
0.0,0.0,100.0,0.0
0.0,0.0,100.0,0.0
0.0,0.0,100.0,0.0
0.0,0.0,100.0,0.0
